decile,customers,churners,churn_rate,cum_customers_pct,cum_churners_captured_pct,lift
1,200,168,0.84,0.1,0.41277641277641275,4.127764127764128
2,200,85,0.425,0.2,0.6216216216216216,2.0884520884520885
3,200,53,0.265,0.3,0.7518427518427518,1.3022113022113024
4,200,32,0.16,0.4,0.8304668304668305,0.7862407862407863
5,200,23,0.115,0.5,0.8869778869778869,0.5651105651105651
6,200,15,0.075,0.6,0.9238329238329238,0.36855036855036855
7,200,8,0.04,0.7,0.9434889434889435,0.19656019656019658
8,200,11,0.055,0.8,0.9705159705159705,0.2702702702702703
9,200,9,0.045,0.9,0.9926289926289926,0.22113022113022113
10,200,3,0.015,1.0,1.0,0.07371007371007371
